identifier,text,fr,es-ES,es-419,it,pt-PT,pt-BR,de,pl,tr,ru,ja,ko,zh-CN,zh-TW
RESULTS_MEDAL_DEV,You got a Secret Ace medal!,,,,,,,,,,,,,,
RESULTS_MEDAL_EMERALD,You got an Emerald medal!,,¡Tienes una medalla de esmeralda!,¡Tienes una medalla de esmeralda!,,,Você recebeu uma medalha de Esmeralda!,Du hast eine Smaragd-Medaille erhalten!,Zdobywasz Szamargowy medal!!,,,エメラルドメダルを入手！,,,
RESULTS_MEDAL_AMETHYST,You got an Amethyst medal!,,¡Tienes una medalla de amatista!,¡Tienes una medalla de amatista!,,,Você recebeu uma medalha de Ametista!,Du hast eine Amethyst-Medaille erhalten!,Zdobywasz Ametystowy medal!!,,,アメジストメダルを入手！,,,
RESULTS_MEDAL_SAPPHIRE,You got a Sapphire medal!,,¡Tienes una medalla de zafiro!,¡Tienes una medalla de zafiro!,,,Você recebeu uma medalha de Safira!,Du hast eine Saphir-Medaille erhalten!,Zodbywasz Szafirowy medal!!,,,サファイアメダルを入手！,,,
RESULTS_MEDAL_MODDED_INSIGHT,Modded medals unlock Insight level 4,,Medallas de NeonLite conseguida y desbloqueado el nivel de conocimiento 4,Medallas de NeonLite conseguida y desbloqueado el nivel de conocimiento 4,,,As medalhas do NeonLite desbloqueiam o Nível de Insight 4,NeonLite Medaillien schalten Einsichtslevel 4 frei,Zmodyfikowane medale odblokowują poziom 4 Wiedzy,,,ネオンライトメダルでインサイトレベル4をアンロック,,,
RESULTS_NEWBEST_WR,World Record!,,,,,,,,,,,,,,
BUTTON_COPYPBS,Copy All PB Times,,Copiar Mis Tiempos,Copiar Mis Tiempos,,,Copiar Todos os PBs,Kopiere deine PB - Zeiten,Skopiuj swoje najlepsze wyniki,,,全レベルの自己ベストタイムをコピーする,,,
BUTTON_COPIED,Copied!,,¡Copiado!,¡Copiado!,,,Copiados!,Kopiert,Skopiowano!,,,コピーしました！,,,
BUTTON_GHOSTDIRECTORY,Open Ghost Directory,,Abrir Ubicación del Fantasma,Abrir Ubicación del Fantasma,,,Abrir Diretório de Fantasmas,Öffne Ghost Ordner,Otwórz katalog z duchami,,,Ghostフォルダを開く,,,
DNF,DNF: {0},,,,,,,,,,,,,,
INFO_ATTEMPTS_TOTAL,Total Attempts: {0},,Intentos totales: {0},Intentos totales: {0},,,Tentativas Totais: {0},Gesamt Versuche: {0},Wszystkie próby: {0},,,,,,
INFO_ATTEMPTS_THIS,Attempts: {0}/{1},,Intentos: {0}/{1},Intentos: {0}/{1},,,Tentativas: {0}/{1},Versuche: {0}/{1},Próby: {0}/{1},,,,,,
INFO_ATTEMPTS_THIS_NC,Attempts: {1},,Intentos: {1},Intentos: {1},,,Tentativas: {1},Versuche: {1},Próby:  {1},,,,,,
INFO_SESSIONPB,SessionPB: {0},,,,,,,,,,,,,,
SPEEDOMETER_VELOCITY,Velocity: {0},,Velocidad: {0},,,,Velocidade: {0},Geschwindigkeit: {0},Predkosc: {0},,,,,,
SPEEDOMETER_YVEL,Y: {0},,,,,,,,,,,,,,
SPEEDOMETER_SWAP,Swap Timer: {0},,Temporizador de Cambio: {0},,,,Cronômetro de Troca: {0},Tausch Zeit: {0},Licznik zamiany: {0},,,,,,
SPEEDOMETER_COYOTE,Coyote Timer: {0},,Temporizador de Coyote: {0},,,,Cronômetro de Coiote: {0},Coyote Zeit: {0},Licznik Coyote: {0},,,,,,
SPEEDOMETER_LATERAL,Lateral: {0},,,,,,,Geschwindigkeit: {0},Predkosc: {0},,,,,,
AUTOGLOBAL_NOTICE,"You have the auto-update global setting on, which automatically updates your global when you PB. Would you like to turn it off?<br><b>This message will only appear once.</b><br>(You can also turn it off at any time in the usual settings menu.)",,,,,,,,,,,自動更新グローバル設定がオンになっており、PB 時にグローバルが自動的に更新されます。オフにしますか?<br><b>このメッセージは 1 回だけ表示されます。</b><br>(通常の設定メニューでいつでもオフにすることもできます)。,,,
REBIND_CONTROL_START,Level Start,,,,,,,,,,,,,,
LEVELINFO_TIME_PREVIOUS,Previous Run Time,,,,,,,,,,,,,,
RUSHTIMER_TIMELEFT,Rush pause time left: {0}:{1:D2},,,,,,,,,,,,,,
SETTING_MEDALS,Medals,,Medallas,Medallas,,,Medalhas,Medaillien,Medale,,,メダル,,,
SETTING_MEDALS_COMMEDALS_T,Community Medals,,Medallas de la Comunidad,Medallas de la Comunidad,,,Medalhas da Comunidade,Community Medaillien,Medale społeczeńości,,,コミュニティメダル,,,
SETTING_MEDALS_COMMEDALS_D,Shows new community medals past the developer red times to aim for.,,Muestra nuevas medallas de la comunidad más allá de los tiempos rojos de desarrollador.,Muestra nuevas medallas de la comunidad más allá de los tiempos rojos de desarrollador.,,,,"Zeigt Community Medaillien an, die besser als die Entwickler roten Medaillien sind","Pokazuje medale społeczeności, trudniejsze od czerwonych czasów developerskich",,,開発者のタイム(レッドメダル)を超えたコミニティメダル(エメラルド、アメジスト、サファイア)タイムを表示しますか？,,,
SETTING_MEDALS_HUESHIFT_T,Hue Shift,,Cambio de tono,Cambio de tono,,,Mudança de Matiz,Farbtonverschiebung,Zmiana oddcienia,,,メダルの色の変更,,,
SETTING_MEDALS_HUESHIFT_D,Changes the hue of *all* medals (and related) help aid colorblind users in telling them apart.,,Cambia la matiz de *todas* las medallas (y parecidos) para ayudar a usuarios con daltonismo a diferenciarlas,Cambia la matiz de *todas* las medallas (y parecidos) para ayudar a usuarios con daltonismo a diferenciarlas,,,Muda o matiz de *todas* as medalhas (e afins) para ajudar usuários daltônicos a diferenciá-las.,Verändert die Farben der Community Medaillien für Personen mit Farbenblindheit,Zmienia odcień *wszystkich* medali (i powiązanych ikon) żeby łatwiej było je rozróżnić dla daltonistów. ,,,色弱の人が色を識別しやすいように、メダルの色相を調整します。,,,
SETTING_MEDALS_OLDSTYLE_T,Stamp Style,,Estilo de estampilla,Estilo de estampilla,,,Estilo de Carimbo,Stempel Medaillen,Styl stempla,,,スタンプスタイル,,,
SETTING_MEDALS_OLDSTYLE_D,Display the community medals in the level info as it was pre-3.0.0.,,Mostrar las medallas de comunidad en la información del nivel como se mostraban pre-3.0.0.,Mostrar las medallas de comunidad en la información del nivel como se mostraban pre-3.0.0.,,,Mostra as medalhas da comunidade nas informações da fase como era pré-3.0.0.,Stellt die Community Medaillien als Stempel dar,Wyświetla medale społeczności na te przed wersją 3.0.0,,,チェックを付けると、Neon Lite 3.0以降の表示方法で各コミュニティメダルタイムを確認できます。<br>チェックを外すと、Neon Lite pre-3.0以前の表示方法にします。,,,
SETTING_MEDALS_OVERRIDEURL_T,Extension URL,,,,,,,,Link do rozszerzenia,,,,,,
SETTING_MEDALS_OVERRIDEURL_D,Specifies additional community medals JSON URLs to apply on top of the eisting community medals.,,,,,,,,,,,,,,
SETTING_VFX,VFX,,Efectos visuales,Efectos visuales,,,Efeitos Visuais (VFX),,Efekty wizualne,,,視覚効果,,,
SETTING_VFX_NOFIREBALL_T,Disable fireball screen effect,,Desactivar efecto en la pantalla de Bola de Fuego,Desactivar efecto en la pantalla de Bola de Fuego,,,Desabilitar efeito de tela da bola de fogo,Feurball Effekte,Wyłącz efekt wizualny fireball'a,,,ファイアボール(Fireball),,,
SETTING_VFX_NOFIREBALL_D,Disables the red outline from fireball.,,Desactiva el delineado rojo de Bola de Fuego,Desactiva el delineado rojo de Bola de Fuego,,,Desabilita o contorno vermelho da bola de fogo.,Schaltet Feuerball Effekte aus,Wyłącza czerwony zarys z fireball'a.,,,ファイアボール使用時の赤い集中線エフェクト表示を無効にします。,,,
SETTING_VFX_NOREFLECTIONS_T,Disable reflection,,Desactivar reflejos,Desactivar reflejos,,,Desabilitar refleão,Reflektionen,Wyłącz odbicie,,,光の反射,,,
SETTING_VFX_NOREFLECTIONS_D,Disable the reflection glares that appear in levels.<br>(Requires restart to re-enable.),,Desactiva los destellos en reflejos que aparecen en niveles.<br>(Requiere reinicio para activar.),Desactiva los destellos en reflejos que aparecen en niveles.<br>(Requiere reinicio para activar.),,,,Schaltet Reflektionen aus <br>(Starte neu um wieder zu aktivieren),Wyłącza oślepiające odbicia pojawiające sie na poziomach. (Wymaga ponownego włączenia gry),,,光の反射を無効にします。 <br>※再度有効にするにはゲームの再起動が必要です。,,,
SETTING_VFX_NOBLOOM_T,Disable bloom,,Desactivar resplandor,Desactivar resplandor,,,,Bloom Effekt,Wyłącz bloom,,,ブルーム効果,,,
SETTING_VFX_NOBLOOM_D,Disable the bloom effect.<br>(Requires restart to re-enable.),,Desactiva el efecto resplandeciente.<br>(Requiere reinicio para activar.),Desactiva el efecto resplandeciente.<br>(Requiere reinicio para activar.),,,,Schaltet Bloom aus <br>(Starte neu um wieder zu aktivieren),Wyłącza efekt bloom. (Wymaga ponownego włączenia gry),,,ブルーム効果(光があふれ出ているような効果)を無効にします。 <br>※再度有効にするには再起動が必要です。,,,
SETTING_VFX_NOSUN_T,Disable sun,,Desactivar sol,Desactivar sol,,,Desabilitar sol,Sonne,Wyłącz słońce,,,太陽,,,
SETTING_VFX_NOSUN_D,Disable the bright sun that appears in most levels.<br>(Requires restart to re-enable.),,Desactivar el sol brillante que aparece en varios niveles.<br>(Requiere reinicio para activar.),Desactivar el sol brillante que aparece en varios niveles.<br>(Requiere reinicio para activar.),,,,Schaltet die Sonne aus <br>(Starte neu um wieder zu aktivieren),Wyłącza jasne słońce które pojawia sie na większości poziomów. (Wymaga ponownego włączenia gry),,,レベル内の太陽を削除します。 <br>※再度有効にするには再起動が必要です。,,,
SETTING_VFX_NOSTOMP_T,Disable stomp splashbang,,,,,,,Stampfen Blendung,Wyłącz efekt wizualny stompa,,,ストンプ(Stomp),,,
SETTING_VFX_NOSTOMP_D,Disable the white flash and explosion that appear when you land a stomp.,,,,,,,Schalte das weiße Overlay der Stampfen Karte aus,Wyłącza biały błysk i wybuch który pojawia się po użyciu stompa,,,ストンプ使用時の衝撃波エフェクトを無効にします。,,,
SETTING_VFX_NOENVVFX_T,Disable additional environment FX,,,,,,,,Wyłącz dodatkowe efekty otoczenia,,,その他環境エフェクト,,,
SETTING_VFX_NOENVVFX_D,"Disables stuff like chapter 11 lightning, and possibly other stuff.",,,,,,"Desabilita coisas como relâmpagos do capítulo 11, e possivelmente outras coisas.",,Wyłącza efekty takie jak pioruny w rozdziale 11 oraz inne rzeczy.,,,11章「脆くも重きもの」レベル内の稲妻や、その他エフェクトを無効にします。,,,
SETTING_VFX_NOBOOF_T,Disable Book of Life overlay,,Desactivar capa del Libro de la Vida,Desactivar capa del Libro de la Vida,,,,Buch des Lebens Overlay ausschalten,,,,命の書のページ(Book of Life),,,
SETTING_VFX_NOBOOF_D,Disable the red diamond border from Book of Life.,,Desactiva el borde rojo del Libro de la Vida.,Desactiva el borde rojo del Libro de la Vida.,,,Desabilita a borda losangular vermelha do Livro da Vida.,Rote Umrandung des Buch des Lebens ausschalten,,,,命の書のページ使用時に表示されるひし形のエフェクトを無効にします。,,,
SETTING_VFX_NOSHOCKER_T,Disable shocker overlay,,Desactivar capa de Espantosos,Desactivar capa de Espantosos,,,,Schocker Overlay,Wyłącz efekt wizualny szokera,,,ショッカー,,,
SETTING_VFX_NOSHOCKER_D,"Disable the white flash from shockers, including the explosion.",,Desactiva el destello de los espantosos (¡no la eplosión!),Desactiva el destello de los espantosos (¡no la eplosión!),,,,Schaltet das weiße Overlay von Schockern aus,Wyłącza biały błysk z szokera.,,,ショッカー(花びら型デーモン)の花びらを踏んだ時に表示される爆発エフェクトを無効にします。,,,
SETTING_OPTIMIZATION,Optimization,,,,,,,,,,,最適化,,,
SETTING_OPTIMIZATION_CACHEGHOSTS_T,Cache Ghosts,,Almacenamiento Caché de Fantasmas,Almacenamiento Caché de Fantasmas,,,,,,,,プレイヤーゴーストのキャッシュ,,,
SETTING_OPTIMIZATION_CACHEGHOSTS_D,Caches the ghosts so they don't have to reload every restart.<br>Disable if you're messing with ghosts manually.,,Almacena en caché a los fantasmas para que no tengan que ser recargados en cada reseteo.,Almacena en caché a los fantasmas para que no tengan que ser recargados en cada reseteo.,,,,Cached die Ghost Datei damit sie nicht jedes mal neugeladen werden muss,,,,プレイヤーゴーストを自動でキャッシュするので、再起動するたびに再ロードする必要がなくなります。<br>手動で操作する場合はチェックを外してください。,,,
SETTING_OPTIMIZATION_FAKELOADING_T,Loading optimizations,,Optimización de Cargas,Optimización de Cargas,,,Otimizações de carregamento,Lade Optimierungen,,,,ローディング画面の最適化,,,
SETTING_OPTIMIZATION_FAKELOADING_D,Forces the game to not wait on loading screens.<br>Disable if you have weird menu issues.,,Fuerza al juego a no esperar en pantallas de carga.<br>Desactivar si tienes errores etraños en los menús.,Fuerza al juego a no esperar en pantallas de carga.<br>Desactivar si tienes errores etraños en los menús.,,,Força o jogo a não esperar nas telas de carregamento.<br>Desabilite se você tiver problemas de menu esquisitos.,"Schaltet aus, dass das Spiel auf Ladebildschirmen wartet",,,,ローディング中のウェイトタイムを減らします<br>※メニューに問題が発生した場合はチェックを外してください。,,,
SETTING_OPTIMIZATION_FASTSTART_T,Fast Startup,,Inicio Acelerado,Inicio Acelerado,,,,Schnelles Hochfahren,,,,高速スタートアップ,,,
SETTING_OPTIMIZATION_FASTSTART_D,Preloads essential scenes before the game even initializes to speed up the menu load.,,Precarga escenas esenciales antes de que el juego inicie para acelerar cargas de menús.,Precarga escenas esenciales antes de que el juego inicie para acelerar cargas de menús.,,,Pré-carrega cenas essenciais antes mesmo do jogo inicializar para acelerar o carregamento do menu.,Läd wichtige Scene vor für besser Hochfahrzeiten,,,,ゲームの初期化前に重要なシーンを先にロードして、メニューの読み込みを高速化します。,,,
SETTING_OPTIMIZATION_SUPERRESTART_T,Quick Restart,,,,,,,,,,,クイックリスタート,,,
SETTING_OPTIMIZATION_SUPERRESTART_D,Completely overrides the level loading routine on restart to be faster.,,,,,,,,,,,レベルをリスタートするとき、画面の暗転時間を最小限にします。,,,
SETTING_OPTIMIZATION_NOSTAGINGSR_T,Skip Staging Screen,,,,,,,,,,,ステージングスクリーンのスキップ,,,
SETTING_OPTIMIZATION_NOSTAGINGSR_D,Skips the staging screen while using Quick Restart.,,,,,,,,,,,クイックリスタート設定をオンにしているとき、レベルリスタート時にステージングスクリーンを表示せず、即座にレベルを開始します。<br>※ステージングスクリーン(Staging Screen)は、レベル情報とリーダーボードが表示される画面です。,,,
SETTING_OPTIMIZATION_PAUSESTAGINGSR_T,Pause Restarts to Staging,,,,,,,,,,,,,,
SETTING_OPTIMIZATION_GCTIMERSR_T,Restarts to call GC,,,,,,,,,,,,,,
SETTING_OPTIMIZATION_MEMTIMERSR_T,Restarts to call Resource cleanup,,,,,,,,,,,,,,
SETTING_OPTIMIZATION_USESCREENSHOTSR_T,Minimize Flashing,,,,,,,,,,,リスタート中の画面点滅の抑制,,,
SETTING_OPTIMIZATION_USESCREENSHOTSR_D,Use a screenshot of the stage to minimize flashing while using Quick Restart.,,,,,,,,,,,クイックリスタート設定をオンにしているとき、リスタート中の画面の点滅を最小限に抑えます。,,,
SETTING_OPTIMIZATION_UPDATEGLOBAL_T,Auto-update Global,,,,,,Auto-atualizar Global,,,,,グローバル・ネオンランキングの自動更新,,,
SETTING_OPTIMIZATION_UPDATEGLOBAL_D,Updates your Global Neon Rank the instant you PB a stage.,,,,,,Atualiza sua Classificação Global no instante que você melhora seu tempo numa fase.,,,,,各レベルで自己ベストを更新したとき、グローバル・ネオンランキングを即座に反映します。<br>※通常は信奉者の公園からグローバル・ネオンランキングを選択したときにランキングが更新されます。,,,
SETTING_MISC,Misc,,Misceláneo,Misceláneo,,,,Sonstiges,,,,未分類,,,
SETTING_MISC_ANTICHEATON_T,Force Anticheat,,,,,,,,,,,,,,
SETTING_MISC_AMBIENCEOFF_T,Ambience Remover,,Eliminar Ambiente,Eliminar Ambiente,,,Removedor de Ambiência,Hintergrundgeräusche,,,,環境音の無効化,,,
SETTING_MISC_AMBIENCEOFF_D,"Removes the ambience from the game, even when muted.",,"Quita el ruido de ambiente, incluso silenciado.","Quita el ruido de ambiente, incluso silenciado.",,,"Remove sons de ambiência do jogo, até quando mutado.",Schaltet alle Hintergrundgeräusche aus,,,,ゲーム内で流れる環境音(風の音等)を全てミュートします。<br>※チェックを外した場合は、ゲーム再起動後に設定が適用されます。,,,
SETTING_MISC_BOSSGHOSTS_T,Ghosts Everywhere,,Fantasmas en Todos Lados,Fantasmas en Todos Lados,,,Fantasmas em Todo Lugar,Ghost Knöpfe,,,,すべてのレベルでプレイヤーゴーストを表示,,,
SETTING_MISC_BOSSGHOSTS_D,"Allows you to record, playback, and toggle ghosts for every level.",,"Permite grabar, utilizar y activar fantasmas para todo nivel.","Permite grabar, utilizar y activar fantasmas para todo nivel.",,,,Erlaubt die überall dein Ghost ein-/ auszuschalten,,,,プレイヤーゴーストを使用できないボス戦等、全てのレベルでプレイヤーゴーストを表示/記録/保存します。,,,
SETTING_MISC_RUSHSEED_T,Level Rush Seed,,Seed Para Carrera de Niveles,Seed Para Carrera de Niveles,,,,Levelrausch Seed,,,,レベルラッシュのシード値(Level Rush Seed),,,
SETTING_MISC_RUSHSEED_D,Negative is random.,,Negativo es aleatorio.,Negativo es aleatorio.,,,Negativo é aleatório.,Gebe eine negative Zahl ein für zufälligen Seed,,,,マイナス値はランダムシードです。,,,
SETTING_MISC_CHEATERS_T,Cheater Banlist,,Lista de Bans de Tramposos,Lista de Bans de Tramposos,,,Lista de Trapaceiros Banidos,Cheater Markierung,,,,チーターBANリスト,,,
SETTING_MISC_CHEATERS_D,Highlights known cheaters as red on the leaderboard.,,Destaca en rojo tramposos conocidos en los leaderboards. ,Destaca en rojo tramposos conocidos en los leaderboards. ,,,Destaca em vermelho os nomes de trapaceiros conhecidos nos placares.,Markiert Cheater rot auf der Bestenliste,,,,リーダーボードにて、過去に不正行為を行った人の名前を赤色で表示します。,,,
SETTING_MISC_INSIGHTOFF_T,Skip Insight Screen,,Saltar Pantalla de Conocimiento,Saltar Pantalla de Conocimiento,,,Pular Tela de Insight,Einsicht Screen,,,,インサイト・クリスタル取得表示スキップ,,,
SETTING_MISC_INSIGHTOFF_D,"No longer displays the ""Insight Crystal Dust (Empty)"" screen after finishing a sidequest level.",,"Ya no muestra la pantalla de ""Polvo de cristal de conocimiento (vacío)"" luego de finalizar una misión secundaria.","Ya no muestra la pantalla de ""Polvo de cristal de conocimiento (vacío)"" luego de finalizar una misión secundaria.",,,"Não mostra mais a tela com ""Pó de Cristal de Insight (Vazio)"" após terminar uma missão secundária.",Überspringt den Einsichts Screen beim beenden einer Nebenquest,,,,サイドクエストをクリアしたときに表示されるインサイト・クリスタルの粉(空)取得演出をスキップします。,,,
SETTING_MISC_NOINTRO_T,Skip Intro,,Saltar Intro,Saltar Intro,,,Pular Intro,Intro Überspringen,,,,ゲーム起動時のOPスキップ,,,
SETTING_MISC_NOINTRO_D,"Never hear the fabled ""We're called neons."" speech when you start up your game.",,"No vuelvas a escuchar el diálogo de ""We're called neons."" cuando inicializas el juego.","No vuelvas a escuchar el diálogo de ""We're called neons."" cuando inicializas el juego.",,,,Überspringe des Intro beim hochfahren :(,,,,ゲーム起動時の爆音オープニング映像をスキップします。<br>※直訳：「We're called Neons」という伝説的な言葉を聞く必要がなくなります！,,,
SETTING_MISC_GHOSTDIR_T,Open Ghost Directory Button,,,,,,Botão de Abrir Diretório de Fantasmas,Ghost Ordner,,,,プレイヤーゴースト保存フォルダ表示ボタン,,,
SETTING_MISC_GHOSTDIR_D,Adds a button to access the ghost directory of the selected/current level.,,,,,,Adiciona um botão para acessar o diretório de fantasmas do nível selecionado/atual.,"Zeige eine Knopf an, der dich zum Ghost Ordner bringt",,,,レベル選択画面/選択した各レベル内で、プレイヤーゴースト保存フォルダを表示するボタンを追加します。,,,
SETTING_DISCORD,Discord,,,,,,,,,,,,,,
SETTING_DISCORD_ENABLED_T,Discord Rich Presence,,Rich Presence en Discord,Rich Presence en Discord,,,,Discord einbettung,,,,,,,
SETTING_DISCORD_ENABLED_D,Enables the use of Discord Rich Presence.,,Activa el uso de estado de la actividad (Rich Presence) en Discord.,Activa el uso de estado de la actividad (Rich Presence) en Discord.,,,,Schaltet die Discord Einbettung ein,,,,Neon Whiteプレイ中の情報をDiscordのプロフィールに表示します。,,,
SETTING_DISCORD_MENUTITLE_T,Headline in menu,,Titular en Menú,Titular en Menú,,,,Überschrift im Menü,,,,メニュー画面での表示(タイトル),,,
SETTING_DISCORD_MENUDESC_T,Description in menu,,Descripción en Menú,Descripción en Menú,,,Descrição no menu,Beschreibung im Menü,,,,メニュー画面での表示(詳細),,,
SETTING_DISCORD_RUSHTITLE_T,Headline in level rush,,Titular en Carrera de Niveles,Titular en Carrera de Niveles,,,,Überschrift im Level Rausch,,,,ラッシュモードプレイ中の表示(タイトル),,,
SETTING_DISCORD_RUSHTITLE_D,"%t = Rush type, %i = Current level, %r = Remaining levels, %l = Level name",,"%t = Tipo de carrera, %i = Nivel Actual, %r = Niveles restantes, %l = Nombre del nivel","%t = Tipo de carrera, %i = Nivel Actual, %r = Niveles restantes, %l = Nombre del nivel",,,,"%t = Rausch Typ, %i = Level Anzahl, %r = Übrige Level, %l = Level Name",,,,"使用できる変数は次の通り。%t = ラッシュの名前, %i = 進行レベル数, %r = 合計レベル数, %l = レベル名",,,
SETTING_DISCORD_RUSHDESC_T,Description in level rush,,Descripción en Carrera de Niveles,Descripción en Carrera de Niveles,,,Descrição no modo corrida na fase,Beschreibung im Levelrausch,,,,ラッシュモードの表示(詳細),,,
SETTING_DISCORD_RUSHDESC_D,Same as above.,,Igual que el superior.,Igual que el superior.,,,Mesmo que acima.,Dasselbe wie oben,,,,使用可能な変数は上と同じ。,,,
SETTING_DISCORD_LEVELTITLE_T,Headline in level,,Titular en nivel,Titular en nivel,,,,Überschrift im Level,,,,レベルプレイ中の表示(タイトル),,,
SETTING_DISCORD_LEVELTITLE_D,"%l = Level name, %p = Personal best, %r = Session attempts, %t = Total attempts",,"%l = Nombre del nivel, %p = Record personal, %r = Intentos de la sesión, %t = Intentos totales","%l = Nombre del nivel, %p = Record personal, %r = Intentos de la sesión, %t = Intentos totales",,,,"%l = Level Name, %p = Bestzeit, %r = Sitzungsversuche, %t = Totale Versuche",,,,"%l = レベル名, %p = 自己ベスト, %r = Neon White起動中のプレイ回数, %t = 合計プレイ回数",,,
SETTING_DISCORD_LEVELDESC_T,Description in level,,Descripción en nivel,Descripción en nivel,,,Descrição na fase,Beschreibung im Levelrausch,,,,レベルプレイ中の表示(詳細),,,
SETTING_DISCORD_LEVELDESC_D,Same as above.,,Igual que el superior.,Igual que el superior.,,,Mesmo que acima.,Dasselbe wie oben,,,,使用可能な変数は上と同じ。,,,
SETTING_DISCORD_SESHTIMER_T,Show session timer,,Mostrar temporizador de la sesión.,Mostrar temporizador de la sesión.,,,Mostrar cronômetro da sessão,Zeigt den Sitzungstimer an,,,,Neon White起動時間/レベルのプレイ時間の表示切り替え,,,
SETTING_DISCORD_SESHTIMER_D,Show a total session timer instead of a level/rush session timer.,,Mostrar un temporizador de la sesión en lugar del temporizador del nivel/carrera.,Mostrar un temporizador de la sesión en lugar del temporizador del nivel/carrera.,,,,Zeige einen Sitzungstimer statt dem Level/ Rausch Timer,,,,チェックを付けると、Neon White起動時間を表示します。チェックを外すと、各レベル/ラッシュのプレイ時間を表示します。,,,
SETTING_CARDS,Cards,,Cartas,Cartas,,,Cartas,Karten,Karty,,,ソウルカード,,,
SETTING_CARDS_ENABLED_T,Card Customizations,,Customización de Cartas,Customización de Cartas,,,Customizações de Cartas,Selbstbestimte Karten,Kastomizacja kart,,,ソウルカードテキストのカスタマイズ,,,
SETTING_CARDS_ENABLED_D,Lets you customize the text on each card. Changes require full level restart.,,Permite customizar el texto en cada carta. Los cambios requieren reiniciar el nivel.,Permite customizar el texto en cada carta. Los cambios requieren reiniciar el nivel.,,,Te deia customizar o texto em cada carta. Reinicie a fase pra ver mudanças.,Erlaubt dir die Namen von deinen Karten selber festzulegen,Pozwala ci kastomizować tekst na każdej karcie. Zmiany wymagają restartu poziomu.,,,各ソウルカードのテキストをカスタマイズします。<br>※レベルプレイ中に設定した場合、メニューに一度戻る必要があります。,,,
SETTING_CARDS_ELEVATE_T,Elevate Text,,Texto Elevación,Texto Elevación,,,Texto da Elevação,Erhöhen Text,,,,エレベイト(Elevate),,,
SETTING_CARDS_PURIFY_T,Purify Text,,Texto Purificación,Texto Purificación,,,Texto da Purificação,Läuterungsbomben Text,,,,ピュリファイ(Purify),,,
SETTING_CARDS_GODSPEED_T,Godspeed Text,,Texto Celeridad,Texto Celeridad,,,Texto da Vá com Deus,Viel Erfolg Text,,,,ゴッドスピード(Godspeed),,,
SETTING_CARDS_STOMP_T,Stomp Text,,Texto Pisotón,Texto Pisotón,,,Texto da Pisão,Stampfen Text,,,,ストンプ(Stomp),,,
SETTING_CARDS_FIREBALL_T,Fireball Text,,Texto Bola de Fuego,Texto Bola de Fuego,,,Texto da Bola de Fogo,Feuerball Text,,,,ファイアボール(Fireball),,,
SETTING_CARDS_DOMINION_T,Dominion Text,,Texto Dominio,Texto Dominio,,,Texto da Domínio,Herrschaft Text,,,,ドミニオン(Dominion),,,
SETTING_CARDS_BOOF_T,Book of Life Text,,Texto Libro de la Vida,Texto Libro de la Vida,,,Texto do Livro da Vida,Buch des Lebens Text,,,,命の書のページ(Book of Life),,,
SETTING_CARDS_AMMO_T,Ammo Text,,Texto Munición,Texto Munición,,,Texto da Munição,Munition Text,,,,弾薬(Ammo),,,
SETTING_CARDS_HEALTH_T,Health Text,,Texto Salud,Texto Salud,,,Texto da Vida,Gesundheit Text,,,,ヘルス(Health),,,
SETTING_CROSSHAIR,Crosshair,,Mira,Mira,,,Mira,Fadenkreuz,Celownik,,,クロスヘア,,,
SETTING_CROSSHAIR_ENABLED_T,Crosshair Colors,,Color de Mira,Color de Mira,,,Cores da Mira,Fadenkreuz Farbe,Kolory celownika,,,クロスヘアの色,,,
SETTING_CROSSHAIR_ENABLED_D,Enables setting custom crosshair colors.,,Activa configuración personalizada de colores de mira.,Activa configuración personalizada de colores de mira.,,,,Schalten selbstbestimmte Farbenkreuz Farben ein,Włącza ustawienia własnego koloru celownika.,,,クロスヘアの色をカスタマイズします。,,,
SETTING_CROSSHAIR_MAIN_T,Main Color,,Color Principal,Color Principal,,,Cor Principal,Hauptfarbe,Główny kolor,,,メインカラー,,,
SETTING_CROSSHAIR_OVERHEAT_T,Overheat,,Heágono,Heágono,,,Superaquecimento,Überhitzung,Przegrzanie,,,オーバーヒート,,,
SETTING_CROSSHAIR_OVERHEAT_D,Purify/stomp/fireball hexagon,,Heágono de Purificación/Pisotón/Bola de Fuego,Heágono de Purificación/Pisotón/Bola de Fuego,,,Heágono da purificação/pisão/bola de fogo,Leuterung/ Stampfen/ Feuerball Heagon,Heksagon oczyszczenia/stąpniecia/kuli ognia,,,ピュリファイ/ストンプ/ファイアボールの六角形,,,
SETTING_CROSSHAIR_ZIPINNER_T,Inner Zipline Hexagon,,Heágono Interior de Tirolesa,Heágono Interior de Tirolesa,,,Heágono de Tirolesa Interno,Inneres Seilrutschen Heagon,Wewnętrzny heksagon kotwiczki,,,ドミニオンの六角形(内側),,,
SETTING_CROSSHAIR_ZIPINNER_D,Requires level restart.,,Requiere reiniciar el nivel.,Requiere reiniciar el nivel.,,,Requer reiniciar a fase.,Benötigt Level Neustart,Wymaga resetartu poziomu.,,,適用にはレベルのリスタートが必要です。,,,
SETTING_CROSSHAIR_ZIPOUTER_T,Outer Zipline Hexagon,,Heágono Eterior de Tirolesa,Heágono Eterior de Tirolesa,,,Heágono de Tirolesa Eterno,Äußere Seilrutschen Heagon,Zewnętrzny heksagon kotwiczki,,,ドミニオンの六角形(外側),,,
SETTING_CROSSHAIR_ZIPOUTER_D,Requires level restart.,,Requiere reiniciar el nivel.,Requiere reiniciar el nivel.,,,Requer reiniciar a fase.,Benötigt Level Neustart,Wymaga resetartu poziomu.,,,適用にはレベルのリスタートが必要です。,,,
SETTING_CROSSHAIR_ZIPLOCKED_T,Locked On Zipline Color,,Color en el Punto de Mira de Tirolesa,Color en el Punto de Mira de Tirolesa,,,,Anvisierte Seilrutsche Farbe,Kolor namierzenia kotwiczki,,,ドミニオンのジップラインが有効射程内の時,,,
SETTING_CROSSHAIR_ZIPLOCKED_D,Requires level restart.,,Requiere reiniciar el nivel.,Requiere reiniciar el nivel.,,,Requer reiniciar a fase.,Benötigt Level Neustart,Wymaga resetartu poziomu.,,,適用にはレベルのリスタートが必要です。,,,
SETTING_CROSSHAIR_TELEON_T,Book of Life Active,,Libro de Vida Activo,Libro de Vida Activo,,,Livro da Vida Ativo,Buch des Lebens aktiviert,Aktywna boska księga życia,,,命の書のページ(Book of Life)アクティブ時,,,
SETTING_CROSSHAIR_TELEOFF_T,Book of Life Inactive,,Libro de Vida Inactivo,Libro de Vida Inactivo,,,Livro da Vida Inativo,Buch des Lebens inaktiv,,,,命の書のページ(Book of Life)非アクティブ時,,,
SETTING_SPEEDOMETER,Speedometer,,,,,,Velocímetro,Tacho,,,,スピードメーター,,,
SETTING_SPEEDOMETER_ENABLED_T,Speedometer,,,,,,Velocímetro,Tacho,,,,スピードメーター,,,
SETTING_SPEEDOMETER_ENABLED_D,Enables displaying additional information about the player.,,,,,,Habilita mostrar informações adicionais sobre a/o jogador(a).,Zeigt zusätliche Informationen über den Spieler an,,,,プレイヤーに関する追加情報の表示を有効にします。,,,
SETTING_SPEEDOMETER_ALPHA_T,Opacity,,,,,,Opacidade,Durchsichtbarkeit,,,,不透明度,,,
SETTING_SPEEDOMETER_SCALE_T,Scale,,,,,,Escala,Größe,,,,スピードメーターの大きさ,,,
SETTING_SPEEDOMETER_X_T,X Position,,,,,,Posição X,,,,,スピードメーターの位置(X軸・横方向),,,
SETTING_SPEEDOMETER_Y_T,Y Position,,,,,,Posição Y,,,,,スピードメーターの位置(Y軸・縦方向),,,
SETTING_SPEEDOMETER_FLATCOLOR_T,Text color (Default),,,,,,Cor do texto (padrão),Text Farbe (Standard),,,,テキストカラー(デフォルト),,,
SETTING_SPEEDOMETER_DASHCOLOR_T,Text color (Dashing),,,,,,Cor do texto (sprint),Text Farbe (Dash),,,,テキストカラー(ダッシュ時),,,
SETTING_SPEEDOMETER_FASTCOLOR_T,Text color (Fast),,,,,,Cor do texto (rápido),Text Farbe (Schnell),,,,テキストカラー(速い時),,,
SETTING_SPEEDOMETER_SLOWCOLOR_T,Text color (Slow),,,,,,Cor do texto (lento),Text Farbe (Langsam),,,,テキストカラー(遅い時),,,
SETTING_SPEEDOMETER_OLDSTYLE_T,Use Arial Font,,,,,,Usar Fonte Arial,Benutze Ariel,,,,Arielフォントの使用,,,
SETTING_SPEEDOMETER_OLDSTYLE_D,Enable to somewhat replicate how it looks in PuppyPowertools.,,,,,,Habilite para replicar mais-ou-menos a aparência dele no PuppyPowertools.,Sieht ähnlich aus zu PuppyPowerTools,,,,Arielフォントを使用することで、PuppyPowertools(別MOD)の見た目に近づけます。,,,
SETTING_SPEEDOMETER_MINIMAL_T,Minimal,,,,,,Mínimo,,,,,最小表示,,,
SETTING_SPEEDOMETER_MINIMAL_D,Gets rid of most text and only show numbers.,,,,,,Tira a maioria do texto e só mostra números.,Entfernt den meisten Text,,,,各パラメータを数字のみ表示します。,,,
SETTING_SPEEDOMETER_POSITION_T,Show Position,,,,,,Mostrar Posição,Zeige deine Position an,,,,位置情報の表示(Position),,,
SETTING_SPEEDOMETER_ROTATION_T,Show Rotation,,,,,,Mostrar Rotação,Zeige deine Rotation an,,,,カメラの向きの表示(Rotation),,,
SETTING_SPEEDOMETER_RAWVEL_T,Show Full Velocity,,,,,,Mostrar Velocidade Completa,Zeige deine gesamte Geschwindigkeit an,,,,"詳細な速度メーターの表示(左右, 縦 , 前後)",,,
SETTING_SPEEDOMETER_LATERAL_T,Show Lateral Velocity,,,,,,Mostrar Velocidade Lateral,Zeige deine vorwärts Geschwindigkeit an,,,,横方向の速度メーターの表示(Lateral:),,,
SETTING_SPEEDOMETER_YVEL_T,Show Vertical Velocity,,,,,,Mostrar Velocidade Vertical,Zeige deine verticale Geschwindigkeit an,,,,縦方向の速度メーターの表示(Y: ),,,
SETTING_SPEEDOMETER_SWAPTIMER_T,Show Swap Timer,,,,,,Mostrar Cronômetro de Troca,Zeige den Karten Tausch Timer an,,,,スワップタイマーの表示(Swap Timer),,,
SETTING_SPEEDOMETER_COYOTETIMER_T,Show Coyote Timer,,,,,,Mostrar Cronômetro de Coiote,Zeige den Coyote Timer an,,,,コヨーテタイマーの表示(Coyote Timer),,,
SETTING_UI,UI,,IU ,IU ,,,,,Interfejs użytkownika/W grze,,,,,,
SETTING_UI_SHOWMS_T,Show full milliseconds in-game,,Mostrar milisegundos completos dentro del juego,Mostrar milisegundos completos dentro del juego,,,,Millisekunden,Pokaż pełne milisekundy w grze,,,完全なミリ秒の表示(レベルプレイ画面),,,
SETTING_UI_SHOWMS_D,Show all 3 digits of milliseconds for the timer and finish.,,Mostrar los 3 dígitos de milisegundos para el reloj y el final.,Mostrar los 3 dígitos de milisegundos para el reloj y el final.,,,,Zeigt alle 3 Ziffern für Zeiten an,Pokaż wszystkie 3 cyfry milisekund licznika czasu i czasu zakończenia.,,,レベルをプレイしているとき、画面中央上のタイマーを小数点第3位まで表示する。,,,
SETTING_UI_SHOWMORE_T,Show full milliseconds everywhere,,Mostrar milisegundos completos en todos lados,Mostrar milisegundos completos en todos lados,,,,Millisekunden - Menu,Pokaż wszędzie pełne milisekundy ,,,完全なミリ秒の表示(その他画面),,,
SETTING_UI_SHOWMORE_D,Show all 3 digits of milliseconds everywhere applicable.,,Mostrar los 3 dígitos de milisegundos en todos los lugares aplicables.,Mostrar los 3 dígitos de milisegundos en todos los lugares aplicables.,,,,Zeigt alle 3 Ziffern von deinen Zeiten überall an,"Pokaż wszystkie 3 cyfry milisekund wszędzie tam, gdzie mają zastosowanie.",,,ゲーム内でタイムが記載されている場所は全て小数点第3位まで表示する。,,,
SETTING_UI_NOGREEN_T,Begone Apocalypse,,Vete Apocalipsis,Vete Apocalipsis,,,,Schalte die Apocalypse aus,Koniec z Apokalipsą ,,,黙示録の削除,,,
SETTING_UI_NOGREEN_D,Get rid of the Apocalyptic view and replace it with the blue skies.,,Deshazte de la vista apocalíptica y reemplazala con el cielo azul.,Deshazte de la vista apocalíptica y reemplazala con el cielo azul.,,,,Ersetzt durch einen blauen Himmel,Pozbądź się widoku apokaliptycznego i zastąp go błękitnym niebem.,,,直訳：黙示録的な視点を取り除き、青空に置き換えます。,,,
SETTING_UI_NOMISSION_T,Remove Start Mission Button,,Quitar Botón de Iniciar Misión,Quitar Botón de Iniciar Misión,,,Remover Botão de Iniciar Missão,Mission Beginnen,Usuń przycisk Wyboru Misji,,,「ミッションを開始」ボタンの非表示,,,
SETTING_UI_NOMISSION_D,"Sick and tired of the big, bulky ""Start Mission"" button that appears? Now you can get rid of it, forever!",,"¿Cansad@ del gigante botón de ""Iniciar Misión"" que aparece? Ahora te puedes deshacer de él, ¡para siempre!","¿Cansad@ del gigante botón de ""Iniciar Misión"" que aparece? Ahora te puedes deshacer de él, ¡para siempre!",,,"Cansou do botão grandão ""Iniciar Missão"" que aparece? Agora você pode se livrar dele, pra sempre!","Schaltet den ""Mission Beginnen"" Knopf aus",Masz dość dużego i nieporęcznego przycisku Wybo,,,天国の門で「ミッション開始」ボタンがあることにうんざりしていませんか？これで、永久にそれを取り除くことができます！,,,
SETTING_UI_NOCRT_T,Disable CRT in menus,,Desactivar TRC en menús,Desactivar TRC en menús,,,Desabilitar CRT em menus,CRT Effekt,,,,CRTエフェクトの無効化,,,
SETTING_UI_NOCRT_D,Disables the CRT-like effect in menus.,,Desactiva los efectos de TRC en menús.,Desactiva los efectos de TRC en menús.,,,Desabilita o efeito de TV CRT em menus.,Schaltet den CRT Effekt aus,,,,ゲーム内の全てでCRT効果(ブラウン管テレビのような表示)を無効にします。,,,
SETTING_UI_ENDING_T,Custom ending image,,,,,,,,,,,エンディング画面の画像のカスタマイズ,,,
SETTING_UI_ENDING_D,Set a custom in-game ending image of White by entering the path to a local image.<br>Make sure to remove quotes!,,,,,,,,,,,ローカル画像 (サイズは) のパスを入力して、レベルクリア/ラッシュクリア時に表示される画像をネオン・ホワイトから任意の画像に変更します。<br>※パスに半角のダブルクォーテーション(”)を使用しないでください。,,,
SETTING_UI_LOADINGICON_T,Custom Loading Icon,,,,,,,,,,,ローディング画面のアイコンのカスタマイズ,,,
SETTING_UI_LOADINGICON_D,Set a custom loading icon replacing Mikey by entering the path to a local image.<br>Make sure to remove quotes!,,,,,,,,,,,ローカル画像 (サイズは) のパスを入力して、ローディング画面のマイキーから好きな画像に変更します。<br>※パスには半角のダブルクォーテーション(”)を使用しないでください。,,,
SETTING_UI_SHOWMS_T,Show full milliseconds in-game,,,,,,,,,,,,,,
SETTING_UI_SHOWMS_D,Show all 3 digits of milliseconds for the timer and finish.,,,,,,,,,,,,,,
SETTING_UIINGAME,UI/In-game,,IU/En el juego,IU/En el juego,,,,UI Overlay,Interfejs użytkownika/W grze,,,UI/プレイ画面,,,
SETTING_UIINGAME_PORTRAIT_T,Custom portrait,,Retrato personalizado,Retrato personalizado,,,,Spieler Portrait,Niestandarowy portret,,,カスタムポートレート,,,
SETTING_UIINGAME_PORTRAIT_D,Set a custom in-game portrait by entering the path to a local image.<br>Make sure to remove quotes!,,Coloca un retrato customizado en el juego al ingresar la ruta a una imágen local<br>¡Asegúrate de borrar las comillas!,Coloca un retrato customizado en el juego al ingresar la ruta a una imágen local<br>¡Asegúrate de borrar las comillas!,,,,Setzte ein eigenes Spieler Portrait <br> Kopiere den Dateipfad ohne Anführungszeichen,"Ustaw niestandardowy portret w grze, wprowadzając ścieżkę do lokalnego obrazu.<br>Pamiętaj o usunięciu cudzysłowów!",,,ローカル画像 (サイズは) のパスを入力して、レベル内で左下に表示されるポートレートをネオン・ホワイトから任意の画像に変更します。<br>※パスには半角のダブルクォーテーション(”)を使用しないでください。,,,
SETTING_UIINGAME_DELTATIME_T,Deltatime,,Tiempo Delta,Tiempo Delta,,,,Deltazeit,Czas delty,,,デルタタイム(Deltatime),,,
SETTING_UIINGAME_DELTATIME_D,Displays a time comparing to your last personal best.,,Muestra un tiempo comparando a tu récord personal,Muestra un tiempo comparando a tu récord personal,,,,Zeigt einen vergleich zu deiner besten Zeit an,Wyświetla czas w porównaniu do twojego poprzedniego najlepszego czasu.,,,レベルクリア時に自己ベストとクリアタイムにどれだけ差があるか表示します,,,
SETTING_UIINGAME_DNF_T,Show DNFs,,Mostrar DNFs,Mostrar DNFs,,,Mostrar DNFs,DNF,Pokaż DNFy,,,DNF(Did Not Finish)タイムの表示,,,
SETTING_UIINGAME_DNF_D,Shows the time you would have got if you had killed all the demons in a level.,,Muestra el tiempo que hubieras obtenido si hubieras matado a todos los demonios en un nivel.,Muestra el tiempo que hubieras obtenido si hubieras matado a todos los demonios en un nivel.,,,Mostra o tempo que você teria obtido se tivesse matado todos os demônios numa fase.,"Zeige die Zeit an, wenn du alle Dämonen umgebracht hättest","Pokazuje czas, który byś zdobył po zabiciu każego demona w poziomie.",,,レベル内でデーモンを全て倒さずゴールに触れたとき、タイムを表示します。,,,
SETTING_UIINGAME_DNFSOUND_T,DNF Sound FX,,,,,,,,,,,DNFサウンド設定,,,
SETTING_UIINGAME_DNFSOUND_D,The sound to play when you DNF.<br>Blank to disable.,,,,,,,,,,,DNF 時に再生されるサウンドの設定。<br>無効にする場合は空白にしてください。,,,
SETTING_UIINGAME_DNFRESET_T,Reset DNF Time on Enemy Death,,,,,,,,,,,,,,
SETTING_UIINGAME_TIMERCOLOR_T,In-game Timer Color,,Color del reloj del Juego,Color del reloj del Juego,,,Cor do Cronômetro no Jogo,Timer Farbe,Kolor licznika czasu w grze,,,レベル内タイマーの色,,,
SETTING_UIINGAME_TIMERCOLOR_D,Set alpha to 0 to disable.,,Coloca alpha en 0 para desactivarlo.,Coloca alpha en 0 para desactivarlo.,,,Deie o alfa em 0 para desabilitar.,Setze Alpha auf 0 um auszuschalten,Ustaw alfe na 0 aby wyłączyć.,,,A(Alpha)値を0にするとタイマーが透明になります。,,,
SETTING_UIINGAME_GREENHP_T,Show Neon Green's HP,,Mostrar PV de Neon Green,Mostrar PV de Neon Green,,,Mostrar PV do Neon Green,Neon Greens Leben,Pokaż punkty zdrowia Neon Green'a,,,ネオン・グリーンの残り体力表示,,,
SETTING_UIINGAME_GREENHP_D,Displays the HP of Neon Green in text form.,,Muestra los puntos de vida de Neon Green en texto.,Muestra los puntos de vida de Neon Green en texto.,,,Mostra os pontos de vida do Neon Green em forma de texto.,Zeigt Neon Green genaues Leben an,Wyświetla punkty zdrowia Neon Green'a w formie tekstu.,,,ネオン・グリーンの残り体力をテキストで表示します。,,,
SETTING_UIINGAME_NOPORTRAIT_T,Disable player portrait,,Desactivar retrato del jugador,Desactivar retrato del jugador,,,,Spieler Portrait,Wyłacz portret gracza,,,プレイヤーポートレートの非表示,,,
SETTING_UIINGAME_NOPORTRAIT_D,Disables the bottom-left player portrait.,,Desactiva el retrato del jugador del etremo inferior izquierdo.,Desactiva el retrato del jugador del etremo inferior izquierdo.,,,,Schaltet das Spieler Portrait unten links aus,Wyłącza portret gracza w lewym-dolnym rogu.,,,レベル内で左下に表示されるネオン・ホワイトを非表示にします。,,,
SETTING_UIINGAME_NOBACKSTORY_T,Disable player backstory,,Desactivar trasfondo del jugador,Desactivar trasfondo del jugador,,,,Spieler Geschichte,Wyłącz historie gracza,,,プレイヤーバックストーリーの非表示,,,
SETTING_UIINGAME_NOBACKSTORY_D,Disables the bottom-left player backstory.,,Desactiva el transfondo del jugador del etremo inferior izquierdo.,Desactiva el transfondo del jugador del etremo inferior izquierdo.,,,,Schaltet die Spieler Geschichte unten links aus,Wyłącza historie gracza w lewym-dolnym rogu.,,,レベル内で左下に表示されるネオン・ホワイトの情報テキスト画像を非表示にします。,,,
SETTING_UIINGAME_NOFLAMES_T,Disable bottom bar,,Desactivar barra inferior,Desactivar barra inferior,,,,Feuer Balken,Wyłącz dolny pasek,,,画面下のバーを非表示,,,
SETTING_UIINGAME_NOFLAMES_D,Disables the bottom flames.,,Desactiva las llamas inferiores.,Desactiva las llamas inferiores.,,,,Schaltet den Feuer Balken unten aus,Wyłącza płomienie na dole.,,,レベル内で画面下に表示される灰色の炎を非表示にします。,,,
SETTING_UIINGAME_NOWARNING_T,Disable low HP overlay,,Desactivar capa de bajo PV,Desactivar capa de bajo PV,,,,Niedrige Leben Overlay,Wyłacz powiadomienie o niskim HP,,,低体力時の画面エフェクトの非表示,,,
SETTING_UIINGAME_NOWARNING_D,Disables the red overlay for low HP.,,Desactiva la capa roja por bajos puntos de vida.,Desactiva la capa roja por bajos puntos de vida.,,,,Schaltet das niedrige Leben Overlay aus,Wyłącza powiadomienie o niskim HP.,,,ネオン・ホワイトの体力が残り1の時に画面の端が赤くなる効果を非表示にします。,,,
SETTING_UIINFO,UI/Info,,IU/Información,IU/Información,,,,UI/ Informationen,Interfejs użytkownika/Informacje,,,,,,
SETTING_UIINFO_ENABLED_T,Enable Game Info,,Activar Información del Juego,Activar Información del Juego,,,,Level Info,Włącz informacje w grze,,,Game Infoの表示,,,
SETTING_UIINFO_ENABLED_D,Enables additional information about the game and current level in the top left.,,Activa información adicional sobre el juego y el nivel actual en la esquina superior izquierda.,Activa información adicional sobre el juego y el nivel actual en la esquina superior izquierda.,,,,Schalte zusätzliche Informationen zum Spiel und aktuellen Level oben links an ,Włącza dodatkowe informacje o grze oraz obecnym poziomie w lewym górnym rogu.,,,ゲームとプレイ中のレベルに関する追加情報を画面左上に表示する設定を有効化します。,,,
SETTING_UIINFO_ALPHA_T,Opacity,,Opacidad,Opacidad,,,Opacidade,Durchsichtbarkeit,Przezroczystość,,,透明度,,,
SETTING_UIINFO_SCALE_T,Scale,,Tamaño,Tamaño,,,Escala,Größe,Skala,,,サイズ,,,
SETTING_UIINFO_SESHTIMER_T,Session Timer,,Temporizador de Sesión,Temporizador de Sesión,,,Cronômetro da Sessão,Sitzungs Timer,Czas sesji,,,セッションタイマー(Session Timer),,,
SETTING_UIINFO_SESHTIMER_D,Shows how long the game's been open for.,,Muestra por cuanto tiempo el juego ha estado abierto.,Muestra por cuanto tiempo el juego ha estado abierto.,,,Mostra há quanto tempo o jogo está aberto.,"Zeigt an, wie lange das Spiel offen ist",Pokazuje jak długo jest otwarta gra.,,,ゲームを起動している時間を表示します。<br>※ゲームを起動している状態のことを「Session」と定義しています。,,,
SETTING_UIINFO_LEVELTIMER_T,Level Timer,,Temporizador de Nivel,Temporizador de Nivel,,,Cronômetro da Fase,,Czas na poziomie,,,レベルタイマー(Level Timer),,,
SETTING_UIINFO_LEVELTIMER_D,Shows how long you've been on this stage.,,Muestra por cuanto tiempo has jugado este nivel.,Muestra por cuanto tiempo has jugado este nivel.,,,Mostra há quanto tempo você está nesta fase.,"Zeigt an, wie lange man in einem Level ist",Pokazuje jak długo grasz obecny poziom.,,,プレイ中のレベルをどれくらいの時間遊んでいるかを示します。,,,
SETTING_UIINFO_SESHPB_T,SessionPB,,PB de Sesión,PB de Sesión,,,,Sitzungs PB,,,,セッション自己ベスト(SessionPB),,,
SETTING_UIINFO_SESHPB_D,Shows the best time you got for a level in this session.,,Muestra el mejor tiempo que has obtenido en el nivel en la sesión actual.,Muestra el mejor tiempo que has obtenido en el nivel en la sesión actual.,,,Mostra o melhor tempo que você obteve numa fase nesta sessão.,Zeigt die beste Zeit dieser SItzung an,Pokazuje najlepszy czas zdobyty poczas sesji.,,,ゲーム起動中(Session)に、プレイ中のレベルで得た自己ベストタイムを表示します。ゲームを再起動すると、この記録は失われます。<br>※PBはPersonal Bestの略,,,
SETTING_UIINFO_TOTALATTEMPTS_T,Show Total Restarts,,Mostrar Intentos Totales,Mostrar Intentos Totales,,,,Gesamte Versuche,Łączna ilość resetów,,,合計リスタート回数(Total Attempts)の表示,,,
SETTING_UIINFO_TOTALATTEMPTS_D,Shows how many attempts you've made for this stage.,,Muestra cuantos intentos has realizado en este nivel.,Muestra cuantos intentos has realizado en este nivel.,,,Mostra quantas tentativas você fez nesta fase.,"Zeigt an, wie oft man insgesamt ein Level versucht hat",Pokazuje ile resetów zrobiłeś na tym poziomie.,,,プレイ中のレベルを今まで何回プレイしたか表示します。,,,
SETTING_UIINFO_SESHATTEMPTS_T,Show Session Restarts,,Mostrar Intentos de Sesión,Mostrar Intentos de Sesión,,,,Sitzungs Versuche,Ilość resetów na sesji,,,ゲーム起動中のリスタート回数(Attempts)の表示,,,
SETTING_UIINFO_SESHATTEMPTS_D,Shows how many attempts you've made for this stage this session.,,Muestra cuantos intentos has realizado en este nivel esta sesión.,Muestra cuantos intentos has realizado en este nivel esta sesión.,,,Mostra quantas tentativas você fez nesta fase nesta sessão.,Zeigt an wie viele mal man in dieser Sitzung ein Level neu versucht hat,Pokazuje ile resetów zrobiłeś na tym poziomie podczas obecnej sesji.,,,ゲーム起動中に、プレイ中のレベルを何回プレイしたか表示します。<br>※ゲームを再起動すると、カウントはリセットされます。,,,
SETTING_UIINFO_SHOWCOMPLETED_T,Show # of Finishes,,Mostrar # de Finalizaciones,Mostrar # de Finalizaciones,,,,Zeigt die # der beendeten Versuche an,Pokaż # ukończeń,,,ゲーム起動中のレベルクリア回数の表示,,,
SETTING_UIINFO_SHOWCOMPLETED_D,Additionally shows the amount of completed finishes on the session attempts.,,Muestra adicionalmente la cantidad de finalizaciones en los intentos de la sesión.,Muestra adicionalmente la cantidad de finalizaciones en los intentos de la sesión.,,,,Zeigt die Anzahl der vollendeten Versuche dieser Sitzung an,Dodatkowo pokazuje ilość ukończeń poziomu na obecnej sesji.,,,ゲーム起動中にプレイ中のレベルを何回クリアしたか表示します。<br>※ゲームを再起動すると、カウントはリセットされます。,,,
M_SIDEQUESTS_RED,Red's Sidequests,,,,,,,,,,,,,,
M_SIDEQUESTS_VIOLET,Violet's Sidequests,,,,,,,,,,,,,,
M_SIDEQUESTS_YELLOW,Yellow's Sidequests,,,,,,,,,,,,,,
M_SIDEQUESTS_GREEN,Green's Sidequests,,,,,,,,,,,,,,
